{"cameraMode":{"drawMode":0,"name":"Shaded","section":"Shading Mode"},"sceneLighting":false,"audioPlay":false,"sceneViewState":{"m_AlwaysRefresh":false,"showFog":true,"showSkybox":false,"showFlares":true,"showImageEffects":true,"showParticleSystems":true,"showVisualEffectGraphs":true,"m_FxEnabled":true},"in2DMode":false,"pivot":{"x":-964.7955322265625,"y":-535.2725830078125,"z":-2.523444652557373},"rotation":{"x":-0.06775843352079392,"y":0.0005957939429208636,"z":-0.000041824227082543075,"w":-0.9977181553840637},"size":10.263571739196778,"orthographic":false}