{"cameraMode":{"drawMode":0,"name":"Shaded","section":"Shading Mode"},"sceneLighting":false,"audioPlay":false,"sceneViewState":{"m_AlwaysRefresh":false,"showFog":true,"showSkybox":false,"showFlares":true,"showImageEffects":true,"showParticleSystems":true,"showVisualEffectGraphs":true,"m_FxEnabled":true},"in2DMode":false,"pivot":{"x":6.803076267242432,"y":0.8193910121917725,"z":1.5623161792755128},"rotation":{"x":0.04437093809247017,"y":-0.9304438233375549,"z":0.34444284439086916,"w":0.11854284256696701},"size":1.7344791889190674,"orthographic":false}