{"cameraMode":{"drawMode":0,"name":"Shaded","section":"Shading Mode"},"sceneLighting":false,"audioPlay":false,"sceneViewState":{"m_AlwaysRefresh":false,"showFog":true,"showSkybox":false,"showFlares":true,"showImageEffects":true,"showParticleSystems":true,"showVisualEffectGraphs":true,"m_FxEnabled":true},"in2DMode":false,"pivot":{"x":-11.377629280090332,"y":-14.805214881896973,"z":-2.701740264892578},"rotation":{"x":-0.44853517413139346,"y":0.15708288550376893,"z":-0.08296371251344681,"w":-0.8765006065368652},"size":16.712310791015626,"orthographic":false}