{"cameraMode":{"drawMode":0,"name":"Shaded","section":"Shading Mode"},"sceneLighting":false,"audioPlay":false,"sceneViewState":{"m_AlwaysRefresh":false,"showFog":true,"showSkybox":false,"showFlares":true,"showImageEffects":true,"showParticleSystems":true,"showVisualEffectGraphs":true,"m_FxEnabled":true},"in2DMode":false,"pivot":{"x":2.4328250885009767,"y":0.40654999017715456,"z":4.885367393493652},"rotation":{"x":0.0711606815457344,"y":-0.9087840914726257,"z":0.37411588430404665,"w":0.17167598009109498},"size":0.5761226415634155,"orthographic":false}