{"cameraMode":{"drawMode":0,"name":"Shaded","section":"Shading Mode"},"sceneLighting":false,"audioPlay":false,"sceneViewState":{"m_AlwaysRefresh":false,"showFog":true,"showSkybox":false,"showFlares":true,"showImageEffects":true,"showParticleSystems":true,"showVisualEffectGraphs":true,"m_FxEnabled":true},"in2DMode":false,"pivot":{"x":-9.237726211547852,"y":2.280716896057129,"z":-19.159759521484376},"rotation":{"x":0.009564005769789219,"y":0.9921997785568237,"z":-0.08883123099803925,"w":0.0943971648812294},"size":1.9671446084976197,"orthographic":false}