{"cameraMode":{"drawMode":0,"name":"Shaded","section":"Shading Mode"},"sceneLighting":false,"audioPlay":false,"sceneViewState":{"m_AlwaysRefresh":false,"showFog":true,"showSkybox":false,"showFlares":true,"showImageEffects":true,"showParticleSystems":true,"showVisualEffectGraphs":true,"m_FxEnabled":true},"in2DMode":false,"pivot":{"x":0.7154274582862854,"y":0.6452209949493408,"z":9.797845840454102},"rotation":{"x":0.00034021030296571553,"y":-0.9730713367462158,"z":-0.0009992808336392046,"w":0.23132506012916566},"size":0.9947247505187988,"orthographic":false}